<?xml version="1.0" encoding="UTF-8"?><InteractionHistory Id="https://galpage-exp.inria.fr:8181/jira-10521" Version="1"><InteractionEvent Delta="null" EndDate="2008-04-30 14:56:51.410 CEST" Interest="-0.051000003" Kind="manipulation" Navigation="null" OriginId="org.eclipse.mylyn.core.model.interest.decay" StartDate="2008-04-30 14:56:51.410 CEST" StructureHandle="/proactive_trunk/scripts/windows/jmx/connector.bat" StructureKind="resource"/><InteractionEvent Delta="null" EndDate="2008-04-30 14:52:12.355 CEST" Interest="1.0" Kind="selection" Navigation="null" OriginId="org.eclipse.mylyn.ide.resource.interest.updater" StartDate="2008-04-30 14:52:12.355 CEST" StructureHandle="/proactive_trunk/scripts/windows/jmx/connector.bat" StructureKind="resource"/><InteractionEvent Delta="null" EndDate="2008-04-30 14:56:51.410 CEST" Interest="-0.068" Kind="manipulation" Navigation="null" OriginId="org.eclipse.mylyn.core.model.interest.decay" StartDate="2008-04-30 14:56:51.410 CEST" StructureHandle="=proactive_trunk/src\/Examples&amp;lt;org.objectweb.proactive.examples.jmx{TestServer.java" StructureKind="java"/><InteractionEvent Delta="null" EndDate="2008-04-30 14:52:12.350 CEST" Interest="1.0" Kind="prediction" Navigation="null" OriginId="org.eclipse.mylyn.ide.resource.interest.updater" StartDate="2008-04-30 14:52:12.350 CEST" StructureHandle="=proactive_trunk/src\/Examples&amp;lt;org.objectweb.proactive.examples.jmx{TestServer.java" StructureKind="java"/><InteractionEvent Delta="null" EndDate="2008-04-30 14:56:51.410 CEST" Interest="-0.068" Kind="manipulation" Navigation="null" OriginId="org.eclipse.mylyn.core.model.interest.decay" StartDate="2008-04-30 14:56:51.410 CEST" StructureHandle="/proactive_trunk/scripts/unix/jmx/connector.sh" StructureKind="resource"/><InteractionEvent Delta="null" EndDate="2008-04-30 14:52:12.350 CEST" Interest="1.0" Kind="prediction" Navigation="null" OriginId="org.eclipse.mylyn.ide.resource.interest.updater" StartDate="2008-04-30 14:52:12.350 CEST" StructureHandle="/proactive_trunk/scripts/unix/jmx/connector.sh" StructureKind="resource"/><InteractionEvent Delta="null" EndDate="2008-04-30 14:56:51.410 CEST" Interest="-0.068" Kind="manipulation" Navigation="null" OriginId="org.eclipse.mylyn.core.model.interest.decay" StartDate="2008-04-30 14:56:51.410 CEST" StructureHandle="=proactive_trunk/src\/Tests&amp;lt;functionalTests.component.descriptor.fractaladl{Test.java" StructureKind="java"/><InteractionEvent Delta="null" EndDate="2008-04-30 14:38:14.892 CEST" Interest="1.0" Kind="selection" Navigation="null" OriginId="org.eclipse.mylyn.ide.resource.interest.updater" StartDate="2008-04-30 14:38:14.892 CEST" StructureHandle="=proactive_trunk/src\/Tests&amp;lt;functionalTests.component.descriptor.fractaladl{Test.java" StructureKind="java"/><InteractionEvent Delta="null" EndDate="2008-04-30 14:56:51.410 CEST" Interest="-0.051000003" Kind="manipulation" Navigation="null" OriginId="org.eclipse.mylyn.core.model.interest.decay" StartDate="2008-04-30 14:56:51.410 CEST" StructureHandle="/proactive_trunk/scripts" StructureKind="resource"/><InteractionEvent Delta="null" EndDate="2008-04-30 14:52:12.356 CEST" Interest="1.0" Kind="propagation" Navigation="org.eclipse.mylyn.core.model.edges.containment" OriginId="org.eclipse.mylyn.core.model.interest.propagation" StartDate="2008-04-30 14:52:12.356 CEST" StructureHandle="/proactive_trunk/scripts" StructureKind="resource"/><InteractionEvent Delta="null" EndDate="2008-04-30 14:56:51.410 CEST" Interest="-0.08500001" Kind="manipulation" Navigation="null" OriginId="org.eclipse.mylyn.core.model.interest.decay" StartDate="2008-04-30 14:56:51.410 CEST" StructureHandle="=proactive_trunk/src\/Tests&amp;lt;functionalTests{FunctionalTest.java" StructureKind="java"/><InteractionEvent Delta="null" EndDate="2008-04-30 14:38:14.788 CEST" Interest="1.0" Kind="selection" Navigation="null" OriginId="org.eclipse.mylyn.ide.resource.interest.updater" StartDate="2008-04-30 14:38:14.788 CEST" StructureHandle="=proactive_trunk/src\/Tests&amp;lt;functionalTests{FunctionalTest.java" StructureKind="java"/><InteractionEvent Delta="null" EndDate="2008-04-30 14:56:51.410 CEST" Interest="-0.08500001" Kind="manipulation" Navigation="null" OriginId="org.eclipse.mylyn.core.model.interest.decay" StartDate="2008-04-30 14:56:51.410 CEST" StructureHandle="=proactive_trunk/src\/Tests&amp;lt;functionalTests" StructureKind="java"/><InteractionEvent Delta="null" EndDate="2008-04-30 14:38:14.788 CEST" Interest="1.0" Kind="propagation" Navigation="org.eclipse.mylyn.core.model.edges.containment" OriginId="org.eclipse.mylyn.core.model.interest.propagation" StartDate="2008-04-30 14:38:14.788 CEST" StructureHandle="=proactive_trunk/src\/Tests&amp;lt;functionalTests" StructureKind="java"/><InteractionEvent Delta="null" EndDate="2008-04-30 14:56:51.410 CEST" Interest="-0.102000006" Kind="manipulation" Navigation="null" OriginId="org.eclipse.mylyn.core.model.interest.decay" StartDate="2008-04-30 14:56:51.410 CEST" StructureHandle="=proactive_trunk/src\/Core" StructureKind="java"/><InteractionEvent Delta="null" EndDate="2008-04-30 14:38:13.864 CEST" Interest="1.0" Kind="propagation" Navigation="org.eclipse.mylyn.core.model.edges.containment" OriginId="org.eclipse.mylyn.core.model.interest.propagation" StartDate="2008-04-30 14:38:13.864 CEST" StructureHandle="=proactive_trunk/src\/Core" StructureKind="java"/><InteractionEvent Delta="null" EndDate="2008-04-30 14:56:51.410 CEST" Interest="-0.068" Kind="manipulation" Navigation="null" OriginId="org.eclipse.mylyn.core.model.interest.decay" StartDate="2008-04-30 14:56:51.410 CEST" StructureHandle="=proactive_trunk/src\/Core&amp;lt;org.objectweb.proactive.core.jmx.util{JMXNotificationListener.java" StructureKind="java"/><InteractionEvent Delta="null" EndDate="2008-04-30 14:52:12.350 CEST" Interest="1.0" Kind="prediction" Navigation="null" OriginId="org.eclipse.mylyn.ide.resource.interest.updater" StartDate="2008-04-30 14:52:12.350 CEST" StructureHandle="=proactive_trunk/src\/Core&amp;lt;org.objectweb.proactive.core.jmx.util{JMXNotificationListener.java" StructureKind="java"/><InteractionEvent Delta="null" EndDate="2008-04-30 14:56:51.410 CEST" Interest="-0.08500001" Kind="manipulation" Navigation="null" OriginId="org.eclipse.mylyn.core.model.interest.decay" StartDate="2008-04-30 14:56:51.410 CEST" StructureHandle="=proactive_trunk/src\/Tests" StructureKind="java"/><InteractionEvent Delta="null" EndDate="2008-04-30 14:38:14.893 CEST" Interest="1.017" Kind="propagation" Navigation="org.eclipse.mylyn.core.model.edges.containment" OriginId="org.eclipse.mylyn.core.model.interest.propagation" StartDate="2008-04-30 14:38:14.788 CEST" StructureHandle="=proactive_trunk/src\/Tests" StructureKind="java"/><InteractionEvent Delta="null" EndDate="2008-04-30 14:56:51.410 CEST" Interest="-0.051000003" Kind="manipulation" Navigation="null" OriginId="org.eclipse.mylyn.core.model.interest.decay" StartDate="2008-04-30 14:56:51.410 CEST" StructureHandle="/proactive_trunk/scripts/windows" StructureKind="resource"/><InteractionEvent Delta="null" EndDate="2008-04-30 14:52:12.356 CEST" Interest="1.0" Kind="propagation" Navigation="org.eclipse.mylyn.core.model.edges.containment" OriginId="org.eclipse.mylyn.core.model.interest.propagation" StartDate="2008-04-30 14:52:12.356 CEST" StructureHandle="/proactive_trunk/scripts/windows" StructureKind="resource"/><InteractionEvent Delta="null" EndDate="2008-04-30 14:56:51.410 CEST" Interest="-0.068" Kind="manipulation" Navigation="null" OriginId="org.eclipse.mylyn.core.model.interest.decay" StartDate="2008-04-30 14:56:51.410 CEST" StructureHandle="=proactive_trunk/src\/Core&amp;lt;org.objectweb.proactive.core.descriptor.data{VirtualNodeImpl.java" StructureKind="java"/><InteractionEvent Delta="null" EndDate="2008-04-30 14:52:12.349 CEST" Interest="1.0" Kind="prediction" Navigation="null" OriginId="org.eclipse.mylyn.ide.resource.interest.updater" StartDate="2008-04-30 14:52:12.349 CEST" StructureHandle="=proactive_trunk/src\/Core&amp;lt;org.objectweb.proactive.core.descriptor.data{VirtualNodeImpl.java" StructureKind="java"/><InteractionEvent Delta="null" EndDate="2008-04-30 14:56:51.410 CEST" Interest="-0.102000006" Kind="manipulation" Navigation="null" OriginId="org.eclipse.mylyn.core.model.interest.decay" StartDate="2008-04-30 14:56:51.410 CEST" StructureHandle="=proactive_trunk/src\/Core&amp;lt;org.objectweb.proactive.core.component" StructureKind="java"/><InteractionEvent Delta="null" EndDate="2008-04-30 14:38:13.864 CEST" Interest="1.0" Kind="propagation" Navigation="org.eclipse.mylyn.core.model.edges.containment" OriginId="org.eclipse.mylyn.core.model.interest.propagation" StartDate="2008-04-30 14:38:13.864 CEST" StructureHandle="=proactive_trunk/src\/Core&amp;lt;org.objectweb.proactive.core.component" StructureKind="java"/><InteractionEvent Delta="null" EndDate="2008-04-30 14:56:51.410 CEST" Interest="-0.051000003" Kind="manipulation" Navigation="null" OriginId="org.eclipse.mylyn.core.model.interest.decay" StartDate="2008-04-30 14:56:51.410 CEST" StructureHandle="/proactive_trunk/scripts/windows/jmx" StructureKind="resource"/><InteractionEvent Delta="null" EndDate="2008-04-30 14:52:12.355 CEST" Interest="1.0" Kind="propagation" Navigation="org.eclipse.mylyn.core.model.edges.containment" OriginId="org.eclipse.mylyn.core.model.interest.propagation" StartDate="2008-04-30 14:52:12.355 CEST" StructureHandle="/proactive_trunk/scripts/windows/jmx" StructureKind="resource"/><InteractionEvent Delta="null" EndDate="2008-04-30 14:56:51.410 CEST" Interest="-0.068" Kind="manipulation" Navigation="null" OriginId="org.eclipse.mylyn.core.model.interest.decay" StartDate="2008-04-30 14:56:51.410 CEST" StructureHandle="=proactive_trunk/src\/Core&amp;lt;org.objectweb.proactive.core.jmx.util{JMXNotificationManager.java" StructureKind="java"/><InteractionEvent Delta="null" EndDate="2008-04-30 14:52:12.350 CEST" Interest="1.0" Kind="prediction" Navigation="null" OriginId="org.eclipse.mylyn.ide.resource.interest.updater" StartDate="2008-04-30 14:52:12.350 CEST" StructureHandle="=proactive_trunk/src\/Core&amp;lt;org.objectweb.proactive.core.jmx.util{JMXNotificationManager.java" StructureKind="java"/><InteractionEvent Delta="null" EndDate="2008-04-30 14:56:51.410 CEST" Interest="-0.901" Kind="manipulation" Navigation="null" OriginId="org.eclipse.mylyn.core.model.interest.decay" StartDate="2008-04-30 14:56:51.410 CEST" StructureHandle="=proactive_trunk" StructureKind="java"/><InteractionEvent Delta="null" EndDate="2008-04-30 14:56:10.946 CEST" Interest="30.185" Kind="propagation" Navigation="org.eclipse.mylyn.core.model.edges.containment" OriginId="org.eclipse.mylyn.core.model.interest.propagation" StartDate="2008-04-30 11:43:55.411 CEST" StructureHandle="=proactive_trunk" StructureKind="java"/><InteractionEvent Delta="null" EndDate="2008-04-30 14:56:51.410 CEST" Interest="-0.901" Kind="manipulation" Navigation="null" OriginId="org.eclipse.mylyn.core.model.interest.decay" StartDate="2008-04-30 14:56:51.410 CEST" StructureHandle="=proactive_trunk/src\/Extensions" StructureKind="java"/><InteractionEvent Delta="null" EndDate="2008-04-30 14:56:10.946 CEST" Interest="30.185" Kind="propagation" Navigation="org.eclipse.mylyn.core.model.edges.containment" OriginId="org.eclipse.mylyn.core.model.interest.propagation" StartDate="2008-04-30 11:43:55.411 CEST" StructureHandle="=proactive_trunk/src\/Extensions" StructureKind="java"/><InteractionEvent Delta="null" EndDate="2008-04-30 14:56:51.410 CEST" Interest="-0.901" Kind="manipulation" Navigation="null" OriginId="org.eclipse.mylyn.core.model.interest.decay" StartDate="2008-04-30 14:56:51.410 CEST" StructureHandle="=proactive_trunk/src\/Extensions&amp;lt;org.objectweb.proactive.extensions.gcmdeployment.schema" StructureKind="java"/><InteractionEvent Delta="null" EndDate="2008-04-30 14:56:10.946 CEST" Interest="30.185" Kind="propagation" Navigation="org.eclipse.mylyn.core.model.edges.containment" OriginId="org.eclipse.mylyn.core.model.interest.propagation" StartDate="2008-04-30 11:43:55.411 CEST" StructureHandle="=proactive_trunk/src\/Extensions&amp;lt;org.objectweb.proactive.extensions.gcmdeployment.schema" StructureKind="java"/><InteractionEvent Delta="null" EndDate="2008-04-30 14:56:51.410 CEST" Interest="-0.068" Kind="manipulation" Navigation="null" OriginId="org.eclipse.mylyn.core.model.interest.decay" StartDate="2008-04-30 14:56:51.410 CEST" StructureHandle="=proactive_trunk/src\/Core&amp;lt;org.objectweb.proactive.core.jmx.client{ClientConnector.java" StructureKind="java"/><InteractionEvent Delta="null" EndDate="2008-04-30 14:52:12.350 CEST" Interest="1.0" Kind="prediction" Navigation="null" OriginId="org.eclipse.mylyn.ide.resource.interest.updater" StartDate="2008-04-30 14:52:12.350 CEST" StructureHandle="=proactive_trunk/src\/Core&amp;lt;org.objectweb.proactive.core.jmx.client{ClientConnector.java" StructureKind="java"/><InteractionEvent Delta="null" EndDate="2008-04-30 14:56:51.410 CEST" Interest="-0.068" Kind="manipulation" Navigation="null" OriginId="org.eclipse.mylyn.core.model.interest.decay" StartDate="2008-04-30 14:56:51.410 CEST" StructureHandle="=proactive_trunk/src\/Tests&amp;lt;functionalTests.component.descriptor.fractaladl" StructureKind="java"/><InteractionEvent Delta="null" EndDate="2008-04-30 14:38:14.893 CEST" Interest="1.0" Kind="propagation" Navigation="org.eclipse.mylyn.core.model.edges.containment" OriginId="org.eclipse.mylyn.core.model.interest.propagation" StartDate="2008-04-30 14:38:14.893 CEST" StructureHandle="=proactive_trunk/src\/Tests&amp;lt;functionalTests.component.descriptor.fractaladl" StructureKind="java"/><InteractionEvent Delta="null" EndDate="2008-04-30 14:56:51.410 CEST" Interest="-0.102000006" Kind="manipulation" Navigation="null" OriginId="org.eclipse.mylyn.core.model.interest.decay" StartDate="2008-04-30 14:56:51.410 CEST" StructureHandle="=proactive_trunk/src\/Core&amp;lt;org.objectweb.proactive.core.component{Fractive.java" StructureKind="java"/><InteractionEvent Delta="null" EndDate="2008-04-30 14:38:13.864 CEST" Interest="1.0" Kind="selection" Navigation="null" OriginId="org.eclipse.mylyn.ide.resource.interest.updater" StartDate="2008-04-30 14:38:13.864 CEST" StructureHandle="=proactive_trunk/src\/Core&amp;lt;org.objectweb.proactive.core.component{Fractive.java" StructureKind="java"/><InteractionEvent Delta="null" EndDate="2008-04-30 14:56:51.410 CEST" Interest="-0.901" Kind="manipulation" Navigation="null" OriginId="org.eclipse.mylyn.core.model.interest.decay" StartDate="2008-04-30 14:56:51.410 CEST" StructureHandle="/proactive_trunk/src/Extensions/org/objectweb/proactive/extensions/gcmdeployment/schema/ApplicationDescriptorSchema.xsd" StructureKind="resource"/><InteractionEvent Delta="null" EndDate="2008-04-30 14:37:30.354 CEST" Interest="5.0" Kind="edit" Navigation="null" OriginId="org.eclipse.wst.xsd.ui.internal.editor.InternalXSDMultiPageEditor" StartDate="2008-04-30 11:43:55.881 CEST" StructureHandle="/proactive_trunk/src/Extensions/org/objectweb/proactive/extensions/gcmdeployment/schema/ApplicationDescriptorSchema.xsd" StructureKind="resource"/><InteractionEvent Delta="null" EndDate="2008-04-30 14:56:10.945 CEST" Interest="5.0" Kind="selection" Navigation="null" OriginId="org.eclipse.jdt.ui.PackageExplorer" StartDate="2008-04-30 11:43:55.410 CEST" StructureHandle="/proactive_trunk/src/Extensions/org/objectweb/proactive/extensions/gcmdeployment/schema/ApplicationDescriptorSchema.xsd" StructureKind="resource"/><InteractionEvent Delta="null" EndDate="2008-04-30 14:56:51.410 CEST" Interest="-0.068" Kind="manipulation" Navigation="null" OriginId="org.eclipse.mylyn.core.model.interest.decay" StartDate="2008-04-30 14:56:51.410 CEST" StructureHandle="=proactive_trunk/src\/Core&amp;lt;org.objectweb.proactive.core.runtime{ProActiveRuntimeImpl.java" StructureKind="java"/><InteractionEvent Delta="null" EndDate="2008-04-30 14:52:12.350 CEST" Interest="1.0" Kind="prediction" Navigation="null" OriginId="org.eclipse.mylyn.ide.resource.interest.updater" StartDate="2008-04-30 14:52:12.350 CEST" StructureHandle="=proactive_trunk/src\/Core&amp;lt;org.objectweb.proactive.core.runtime{ProActiveRuntimeImpl.java" StructureKind="java"/><InteractionEvent Delta="null" EndDate="2008-04-30 14:56:51.410 CEST" Interest="-0.068" Kind="manipulation" Navigation="null" OriginId="org.eclipse.mylyn.core.model.interest.decay" StartDate="2008-04-30 14:56:51.410 CEST" StructureHandle="=proactive_trunk/src\/Examples&amp;lt;org.objectweb.proactive.examples.jmx{ShowOS.java" StructureKind="java"/><InteractionEvent Delta="null" EndDate="2008-04-30 14:52:12.350 CEST" Interest="1.0" Kind="prediction" Navigation="null" OriginId="org.eclipse.mylyn.ide.resource.interest.updater" StartDate="2008-04-30 14:52:12.350 CEST" StructureHandle="=proactive_trunk/src\/Examples&amp;lt;org.objectweb.proactive.examples.jmx{ShowOS.java" StructureKind="java"/><InteractionEvent Delta="null" EndDate="2008-04-30 14:56:51.410 CEST" Interest="-0.068" Kind="manipulation" Navigation="null" OriginId="org.eclipse.mylyn.core.model.interest.decay" StartDate="2008-04-30 14:56:51.410 CEST" StructureHandle="=proactive_trunk/src\/Examples&amp;lt;org.objectweb.proactive.examples.jmx{TestClient.java" StructureKind="java"/><InteractionEvent Delta="null" EndDate="2008-04-30 14:52:12.349 CEST" Interest="1.0" Kind="prediction" Navigation="null" OriginId="org.eclipse.mylyn.ide.resource.interest.updater" StartDate="2008-04-30 14:52:12.349 CEST" StructureHandle="=proactive_trunk/src\/Examples&amp;lt;org.objectweb.proactive.examples.jmx{TestClient.java" StructureKind="java"/><InteractionEvent Delta="null" EndDate="2008-04-30 14:56:51.410 CEST" Interest="-0.901" Kind="manipulation" Navigation="null" OriginId="org.eclipse.mylyn.core.model.interest.decay" StartDate="2008-04-30 14:56:51.410 CEST" StructureHandle="" StructureKind="java"/><InteractionEvent Delta="null" EndDate="2008-04-30 14:56:10.946 CEST" Interest="30.185" Kind="propagation" Navigation="org.eclipse.mylyn.core.model.edges.containment" OriginId="org.eclipse.mylyn.core.model.interest.propagation" StartDate="2008-04-30 11:43:55.411 CEST" StructureHandle="" StructureKind="java"/><InteractionEvent Delta="null" EndDate="2008-04-30 14:56:51.410 CEST" Interest="-0.81600004" Kind="manipulation" Navigation="null" OriginId="org.eclipse.mylyn.core.model.interest.decay" StartDate="2008-04-30 14:56:51.410 CEST" StructureHandle="/proactive_trunk/src/Extensions/org/objectweb/proactive/extensions/gcmdeployment/schema/CommonTypes.xsd" StructureKind="resource"/><InteractionEvent Delta="null" EndDate="2008-04-30 14:37:17.477 CEST" Interest="33.0" Kind="edit" Navigation="null" OriginId="org.eclipse.wst.xsd.ui.internal.editor.InternalXSDMultiPageEditor" StartDate="2008-04-30 11:44:14.129 CEST" StructureHandle="/proactive_trunk/src/Extensions/org/objectweb/proactive/extensions/gcmdeployment/schema/CommonTypes.xsd" StructureKind="resource"/><InteractionEvent Delta="null" EndDate="2008-04-30 14:56:10.946 CEST" Interest="7.0" Kind="selection" Navigation="null" OriginId="org.eclipse.jdt.ui.PackageExplorer" StartDate="2008-04-30 11:44:13.221 CEST" StructureHandle="/proactive_trunk/src/Extensions/org/objectweb/proactive/extensions/gcmdeployment/schema/CommonTypes.xsd" StructureKind="resource"/></InteractionHistory>