<?xml version="1.0" encoding="UTF-8"?><InteractionHistory Id="https://galpage-exp.inria.fr:8181/jira-10501" Version="1"><InteractionEvent Delta="null" EndDate="2008-04-30 11:41:23.41 CEST" Interest="-1.5640001" Kind="manipulation" Navigation="null" OriginId="org.eclipse.mylyn.core.model.interest.decay" StartDate="2008-04-30 11:41:23.41 CEST" StructureHandle="=proactive_trunk/src\/Tests&amp;lt;unitTests.gcmdeployment.descriptorParser{TestApplicationDescriptorParser.java" StructureKind="java"/><InteractionEvent Delta="null" EndDate="2008-04-30 11:33:18.446 CEST" Interest="0.0039999485" Kind="propagation" Navigation="org.eclipse.mylyn.core.model.edges.containment" OriginId="org.eclipse.mylyn.core.model.interest.propagation" StartDate="2008-04-30 11:33:18.446 CEST" StructureHandle="=proactive_trunk/src\/Tests&amp;lt;unitTests.gcmdeployment.descriptorParser{TestApplicationDescriptorParser.java" StructureKind="java"/><InteractionEvent Delta="null" EndDate="2008-04-30 11:40:44.475 CEST" Interest="11.0" Kind="selection" Navigation="null" OriginId="org.eclipse.jdt.ui.CompilationUnitEditor" StartDate="2008-04-30 11:28:28.517 CEST" StructureHandle="=proactive_trunk/src\/Tests&amp;lt;unitTests.gcmdeployment.descriptorParser{TestApplicationDescriptorParser.java" StructureKind="java"/><InteractionEvent Delta="null" EndDate="2008-04-30 11:41:23.41 CEST" Interest="-0.034" Kind="manipulation" Navigation="null" OriginId="org.eclipse.mylyn.core.model.interest.decay" StartDate="2008-04-30 11:41:23.41 CEST" StructureHandle="=proactive_trunk/src\/Tests&amp;lt;functionalTests.component.descriptor.fractaladl{Test.java" StructureKind="java"/><InteractionEvent Delta="null" EndDate="2008-04-30 11:40:37.33 CEST" Interest="1.0" Kind="selection" Navigation="null" OriginId="org.eclipse.mylyn.ide.resource.interest.updater" StartDate="2008-04-30 11:40:37.33 CEST" StructureHandle="=proactive_trunk/src\/Tests&amp;lt;functionalTests.component.descriptor.fractaladl{Test.java" StructureKind="java"/><InteractionEvent Delta="null" EndDate="2008-04-30 11:41:23.41 CEST" Interest="-0.051000003" Kind="manipulation" Navigation="null" OriginId="org.eclipse.mylyn.core.model.interest.decay" StartDate="2008-04-30 11:41:23.41 CEST" StructureHandle="=proactive_trunk/src\/Tests&amp;lt;functionalTests{FunctionalTest.java" StructureKind="java"/><InteractionEvent Delta="null" EndDate="2008-04-30 11:40:36.826 CEST" Interest="1.0" Kind="selection" Navigation="null" OriginId="org.eclipse.mylyn.ide.resource.interest.updater" StartDate="2008-04-30 11:40:36.826 CEST" StructureHandle="=proactive_trunk/src\/Tests&amp;lt;functionalTests{FunctionalTest.java" StructureKind="java"/><InteractionEvent Delta="null" EndDate="2008-04-30 11:41:23.41 CEST" Interest="-1.496" Kind="manipulation" Navigation="null" OriginId="org.eclipse.mylyn.core.model.interest.decay" StartDate="2008-04-30 11:41:23.41 CEST" StructureHandle="=proactive_trunk/src\/Tests&amp;lt;unitTests.gcmdeployment.descriptorParser.testfiles.application" StructureKind="java"/><InteractionEvent Delta="null" EndDate="2008-04-30 11:35:54.882 CEST" Interest="20.514" Kind="propagation" Navigation="org.eclipse.mylyn.core.model.edges.containment" OriginId="org.eclipse.mylyn.core.model.interest.propagation" StartDate="2008-04-30 11:30:45.971 CEST" StructureHandle="=proactive_trunk/src\/Tests&amp;lt;unitTests.gcmdeployment.descriptorParser.testfiles.application" StructureKind="java"/><InteractionEvent Delta="null" EndDate="2008-04-30 11:41:23.41 CEST" Interest="-1.5300001" Kind="manipulation" Navigation="null" OriginId="org.eclipse.mylyn.core.model.interest.decay" StartDate="2008-04-30 11:41:23.41 CEST" StructureHandle="=proactive_trunk/src\/Tests&amp;lt;unitTests.gcmdeployment.descriptorParser{TestApplicationDescriptorParser.java[TestApplicationDescriptorParser" StructureKind="java"/><InteractionEvent Delta="null" EndDate="2008-04-30 11:32:57.819 CEST" Interest="2.0" Kind="edit" Navigation="null" OriginId="org.eclipse.jdt.ui.CompilationUnitEditor" StartDate="2008-04-30 11:30:58.997 CEST" StructureHandle="=proactive_trunk/src\/Tests&amp;lt;unitTests.gcmdeployment.descriptorParser{TestApplicationDescriptorParser.java[TestApplicationDescriptorParser" StructureKind="java"/><InteractionEvent Delta="null" EndDate="2008-04-30 11:40:44.499 CEST" Interest="4.77" Kind="propagation" Navigation="org.eclipse.mylyn.core.model.edges.containment" OriginId="org.eclipse.mylyn.core.model.interest.propagation" StartDate="2008-04-30 11:33:18.446 CEST" StructureHandle="=proactive_trunk/src\/Tests&amp;lt;unitTests.gcmdeployment.descriptorParser{TestApplicationDescriptorParser.java[TestApplicationDescriptorParser" StructureKind="java"/><InteractionEvent Delta="null" EndDate="2008-04-30 11:32:55.418 CEST" Interest="2.0" Kind="selection" Navigation="null" OriginId="org.eclipse.jdt.ui.CompilationUnitEditor" StartDate="2008-04-30 11:28:29.128 CEST" StructureHandle="=proactive_trunk/src\/Tests&amp;lt;unitTests.gcmdeployment.descriptorParser{TestApplicationDescriptorParser.java[TestApplicationDescriptorParser" StructureKind="java"/><InteractionEvent Delta="null" EndDate="2008-04-30 11:41:23.41 CEST" Interest="-0.051000003" Kind="manipulation" Navigation="null" OriginId="org.eclipse.mylyn.core.model.interest.decay" StartDate="2008-04-30 11:41:23.41 CEST" StructureHandle="=proactive_trunk/src\/Tests&amp;lt;functionalTests" StructureKind="java"/><InteractionEvent Delta="null" EndDate="2008-04-30 11:40:36.827 CEST" Interest="1.0" Kind="propagation" Navigation="org.eclipse.mylyn.core.model.edges.containment" OriginId="org.eclipse.mylyn.core.model.interest.propagation" StartDate="2008-04-30 11:40:36.827 CEST" StructureHandle="=proactive_trunk/src\/Tests&amp;lt;functionalTests" StructureKind="java"/><InteractionEvent Delta="null" EndDate="2008-04-30 11:41:23.41 CEST" Interest="-0.068" Kind="manipulation" Navigation="null" OriginId="org.eclipse.mylyn.core.model.interest.decay" StartDate="2008-04-30 11:41:23.41 CEST" StructureHandle="=proactive_trunk/src\/Core" StructureKind="java"/><InteractionEvent Delta="null" EndDate="2008-04-30 11:40:35.863 CEST" Interest="1.0" Kind="propagation" Navigation="org.eclipse.mylyn.core.model.edges.containment" OriginId="org.eclipse.mylyn.core.model.interest.propagation" StartDate="2008-04-30 11:40:35.863 CEST" StructureHandle="=proactive_trunk/src\/Core" StructureKind="java"/><InteractionEvent Delta="null" EndDate="2008-04-30 11:41:23.41 CEST" Interest="-1.5640001" Kind="manipulation" Navigation="null" OriginId="org.eclipse.mylyn.core.model.interest.decay" StartDate="2008-04-30 11:41:23.41 CEST" StructureHandle="=proactive_trunk/src\/Tests" StructureKind="java"/><InteractionEvent Delta="null" EndDate="2008-04-30 11:35:54.882 CEST" Interest="20.581999" Kind="propagation" Navigation="org.eclipse.mylyn.core.model.edges.containment" OriginId="org.eclipse.mylyn.core.model.interest.propagation" StartDate="2008-04-30 11:28:28.517 CEST" StructureHandle="=proactive_trunk/src\/Tests" StructureKind="java"/><InteractionEvent Delta="null" EndDate="2008-04-30 11:41:23.41 CEST" Interest="-0.068" Kind="manipulation" Navigation="null" OriginId="org.eclipse.mylyn.core.model.interest.decay" StartDate="2008-04-30 11:41:23.41 CEST" StructureHandle="=proactive_trunk/src\/Core&amp;lt;org.objectweb.proactive.core.component" StructureKind="java"/><InteractionEvent Delta="null" EndDate="2008-04-30 11:40:35.863 CEST" Interest="1.0" Kind="propagation" Navigation="org.eclipse.mylyn.core.model.edges.containment" OriginId="org.eclipse.mylyn.core.model.interest.propagation" StartDate="2008-04-30 11:40:35.863 CEST" StructureHandle="=proactive_trunk/src\/Core&amp;lt;org.objectweb.proactive.core.component" StructureKind="java"/><InteractionEvent Delta="null" EndDate="2008-04-30 11:41:23.41 CEST" Interest="-1.7850001" Kind="manipulation" Navigation="null" OriginId="org.eclipse.mylyn.core.model.interest.decay" StartDate="2008-04-30 11:41:23.41 CEST" StructureHandle="=proactive_trunk" StructureKind="java"/><InteractionEvent Delta="null" EndDate="2008-04-30 11:35:54.882 CEST" Interest="20.803" Kind="propagation" Navigation="org.eclipse.mylyn.core.model.edges.containment" OriginId="org.eclipse.mylyn.core.model.interest.propagation" StartDate="2008-04-30 11:27:41.759 CEST" StructureHandle="=proactive_trunk" StructureKind="java"/><InteractionEvent Delta="null" EndDate="2008-04-30 11:41:23.41 CEST" Interest="-1.7850001" Kind="manipulation" Navigation="null" OriginId="org.eclipse.mylyn.core.model.interest.decay" StartDate="2008-04-30 11:41:23.41 CEST" StructureHandle="=proactive_trunk/src\/Extensions" StructureKind="java"/><InteractionEvent Delta="null" EndDate="2008-04-30 11:36:56.803 CEST" Interest="13.417" Kind="propagation" Navigation="org.eclipse.mylyn.core.model.edges.containment" OriginId="org.eclipse.mylyn.core.model.interest.propagation" StartDate="2008-04-30 11:27:41.759 CEST" StructureHandle="=proactive_trunk/src\/Extensions" StructureKind="java"/><InteractionEvent Delta="null" EndDate="2008-04-30 11:41:23.41 CEST" Interest="-1.7850001" Kind="manipulation" Navigation="null" OriginId="org.eclipse.mylyn.core.model.interest.decay" StartDate="2008-04-30 11:41:23.41 CEST" StructureHandle="=proactive_trunk/src\/Extensions&amp;lt;org.objectweb.proactive.extensions.gcmdeployment.schema" StructureKind="java"/><InteractionEvent Delta="null" EndDate="2008-04-30 11:36:56.803 CEST" Interest="13.417" Kind="propagation" Navigation="org.eclipse.mylyn.core.model.edges.containment" OriginId="org.eclipse.mylyn.core.model.interest.propagation" StartDate="2008-04-30 11:27:41.759 CEST" StructureHandle="=proactive_trunk/src\/Extensions&amp;lt;org.objectweb.proactive.extensions.gcmdeployment.schema" StructureKind="java"/><InteractionEvent Delta="null" EndDate="2008-04-30 11:41:23.41 CEST" Interest="-1.496" Kind="manipulation" Navigation="null" OriginId="org.eclipse.mylyn.core.model.interest.decay" StartDate="2008-04-30 11:41:23.41 CEST" StructureHandle="/proactive_trunk/src/Tests/unitTests/gcmdeployment/descriptorParser/testfiles/application/script6.xml" StructureKind="resource"/><InteractionEvent Delta="null" EndDate="2008-04-30 11:34:22.568 CEST" Interest="4.0" Kind="edit" Navigation="null" OriginId="org.eclipse.wst.xml.ui.internal.tabletree.XMLMultiPageEditorPart" StartDate="2008-04-30 11:30:46.211 CEST" StructureHandle="/proactive_trunk/src/Tests/unitTests/gcmdeployment/descriptorParser/testfiles/application/script6.xml" StructureKind="resource"/><InteractionEvent Delta="null" EndDate="2008-04-30 11:34:21.437 CEST" Interest="5.0" Kind="selection" Navigation="null" OriginId="org.eclipse.wst.xml.ui.internal.tabletree.XMLMultiPageEditorPart" StartDate="2008-04-30 11:30:45.970 CEST" StructureHandle="/proactive_trunk/src/Tests/unitTests/gcmdeployment/descriptorParser/testfiles/application/script6.xml" StructureKind="resource"/><InteractionEvent Delta="null" EndDate="2008-04-30 11:41:23.41 CEST" Interest="-1.4110001" Kind="manipulation" Navigation="null" OriginId="org.eclipse.mylyn.core.model.interest.decay" StartDate="2008-04-30 11:41:23.41 CEST" StructureHandle="=proactive_trunk/src\/Tests&amp;lt;unitTests.gcmdeployment.descriptorParser{TestApplicationDescriptorParser.java[TestApplicationDescriptorParser~validationOldSchemaTest" StructureKind="java"/><InteractionEvent Delta="null" EndDate="2008-04-30 11:32:53.999 CEST" Interest="1.0" Kind="selection" Navigation="null" OriginId="org.eclipse.jdt.ui.CompilationUnitEditor" StartDate="2008-04-30 11:32:53.999 CEST" StructureHandle="=proactive_trunk/src\/Tests&amp;lt;unitTests.gcmdeployment.descriptorParser{TestApplicationDescriptorParser.java[TestApplicationDescriptorParser~validationOldSchemaTest" StructureKind="java"/><InteractionEvent Delta="null" EndDate="2008-04-30 11:41:23.41 CEST" Interest="-0.034" Kind="manipulation" Navigation="null" OriginId="org.eclipse.mylyn.core.model.interest.decay" StartDate="2008-04-30 11:41:23.41 CEST" StructureHandle="=proactive_trunk/src\/Tests&amp;lt;functionalTests.component.descriptor.fractaladl" StructureKind="java"/><InteractionEvent Delta="null" EndDate="2008-04-30 11:40:37.33 CEST" Interest="1.0" Kind="propagation" Navigation="org.eclipse.mylyn.core.model.edges.containment" OriginId="org.eclipse.mylyn.core.model.interest.propagation" StartDate="2008-04-30 11:40:37.33 CEST" StructureHandle="=proactive_trunk/src\/Tests&amp;lt;functionalTests.component.descriptor.fractaladl" StructureKind="java"/><InteractionEvent Delta="null" EndDate="2008-04-30 11:41:23.41 CEST" Interest="-0.78200006" Kind="manipulation" Navigation="null" OriginId="org.eclipse.mylyn.core.model.interest.decay" StartDate="2008-04-30 11:41:23.41 CEST" StructureHandle="/proactive_trunk/src/Tests/unitTests/gcmdeployment/descriptorParser/testfiles/application/script7.xml" StructureKind="resource"/><InteractionEvent Delta="null" EndDate="2008-04-30 11:35:54.882 CEST" Interest="24.0" Kind="edit" Navigation="null" OriginId="org.eclipse.wst.xml.ui.internal.tabletree.XMLMultiPageEditorPart" StartDate="2008-04-30 11:34:25.787 CEST" StructureHandle="/proactive_trunk/src/Tests/unitTests/gcmdeployment/descriptorParser/testfiles/application/script7.xml" StructureKind="resource"/><InteractionEvent Delta="null" EndDate="2008-04-30 11:34:23.613 CEST" Interest="3.0" Kind="selection" Navigation="null" OriginId="org.eclipse.wst.xml.ui.internal.tabletree.XMLMultiPageEditorPart" StartDate="2008-04-30 11:34:18.845 CEST" StructureHandle="/proactive_trunk/src/Tests/unitTests/gcmdeployment/descriptorParser/testfiles/application/script7.xml" StructureKind="resource"/><InteractionEvent Delta="null" EndDate="2008-04-30 11:41:23.41 CEST" Interest="-1.5640001" Kind="manipulation" Navigation="null" OriginId="org.eclipse.mylyn.core.model.interest.decay" StartDate="2008-04-30 11:41:23.41 CEST" StructureHandle="=proactive_trunk/src\/Tests&amp;lt;unitTests.gcmdeployment.descriptorParser" StructureKind="java"/><InteractionEvent Delta="null" EndDate="2008-04-30 11:40:44.475 CEST" Interest="11.004" Kind="propagation" Navigation="org.eclipse.mylyn.core.model.edges.containment" OriginId="org.eclipse.mylyn.core.model.interest.propagation" StartDate="2008-04-30 11:28:28.517 CEST" StructureHandle="=proactive_trunk/src\/Tests&amp;lt;unitTests.gcmdeployment.descriptorParser" StructureKind="java"/><InteractionEvent Delta="null" EndDate="2008-04-30 11:41:23.41 CEST" Interest="-0.068" Kind="manipulation" Navigation="null" OriginId="org.eclipse.mylyn.core.model.interest.decay" StartDate="2008-04-30 11:41:23.41 CEST" StructureHandle="=proactive_trunk/src\/Core&amp;lt;org.objectweb.proactive.core.component{Fractive.java" StructureKind="java"/><InteractionEvent Delta="null" EndDate="2008-04-30 11:40:35.863 CEST" Interest="1.0" Kind="selection" Navigation="null" OriginId="org.eclipse.mylyn.ide.resource.interest.updater" StartDate="2008-04-30 11:40:35.863 CEST" StructureHandle="=proactive_trunk/src\/Core&amp;lt;org.objectweb.proactive.core.component{Fractive.java" StructureKind="java"/><InteractionEvent Delta="null" EndDate="2008-04-30 11:41:23.41 CEST" Interest="-1.7680001" Kind="manipulation" Navigation="null" OriginId="org.eclipse.mylyn.core.model.interest.decay" StartDate="2008-04-30 11:41:23.41 CEST" StructureHandle="/proactive_trunk/src/Extensions/org/objectweb/proactive/extensions/gcmdeployment/schema/ApplicationDescriptorSchema.xsd" StructureKind="resource"/><InteractionEvent Delta="null" EndDate="2008-04-30 11:36:56.802 CEST" Interest="12.0" Kind="edit" Navigation="null" OriginId="org.eclipse.wst.xsd.ui.internal.editor.InternalXSDMultiPageEditor" StartDate="2008-04-30 11:27:42.713 CEST" StructureHandle="/proactive_trunk/src/Extensions/org/objectweb/proactive/extensions/gcmdeployment/schema/ApplicationDescriptorSchema.xsd" StructureKind="resource"/><InteractionEvent Delta="null" EndDate="2008-04-30 11:36:52.598 CEST" Interest="5.0" Kind="selection" Navigation="null" OriginId="org.eclipse.wst.xsd.ui.internal.editor.InternalXSDMultiPageEditor" StartDate="2008-04-30 11:27:42.75 CEST" StructureHandle="/proactive_trunk/src/Extensions/org/objectweb/proactive/extensions/gcmdeployment/schema/ApplicationDescriptorSchema.xsd" StructureKind="resource"/><InteractionEvent Delta="null" EndDate="2008-04-30 11:41:23.41 CEST" Interest="-1.7850001" Kind="manipulation" Navigation="null" OriginId="org.eclipse.mylyn.core.model.interest.decay" StartDate="2008-04-30 11:41:23.41 CEST" StructureHandle="" StructureKind="java"/><InteractionEvent Delta="null" EndDate="2008-04-30 11:35:54.882 CEST" Interest="20.803" Kind="propagation" Navigation="org.eclipse.mylyn.core.model.edges.containment" OriginId="org.eclipse.mylyn.core.model.interest.propagation" StartDate="2008-04-30 11:27:41.759 CEST" StructureHandle="" StructureKind="java"/><InteractionEvent Delta="null" EndDate="2008-04-30 11:41:23.41 CEST" Interest="-1.3600001" Kind="manipulation" Navigation="null" OriginId="org.eclipse.mylyn.core.model.interest.decay" StartDate="2008-04-30 11:41:23.41 CEST" StructureHandle="=proactive_trunk/src\/Tests&amp;lt;unitTests.gcmdeployment.descriptorParser{TestApplicationDescriptorParser.java[TestApplicationDescriptorParser~validationBrokenXMLTest" StructureKind="java"/><InteractionEvent Delta="null" EndDate="2008-04-30 11:40:44.499 CEST" Interest="10.0" Kind="edit" Navigation="null" OriginId="org.eclipse.jdt.ui.CompilationUnitEditor" StartDate="2008-04-30 11:33:04.557 CEST" StructureHandle="=proactive_trunk/src\/Tests&amp;lt;unitTests.gcmdeployment.descriptorParser{TestApplicationDescriptorParser.java[TestApplicationDescriptorParser~validationBrokenXMLTest" StructureKind="java"/><InteractionEvent Delta="null" EndDate="2008-04-30 11:33:01.344 CEST" Interest="1.0" Kind="selection" Navigation="null" OriginId="org.eclipse.jdt.ui.CompilationUnitEditor" StartDate="2008-04-30 11:33:01.344 CEST" StructureHandle="=proactive_trunk/src\/Tests&amp;lt;unitTests.gcmdeployment.descriptorParser{TestApplicationDescriptorParser.java[TestApplicationDescriptorParser~validationOldSchemaTest!2" StructureKind="java"/></InteractionHistory>