<?xml version="1.0" encoding="UTF-8"?>
<job xmlns="urn:proactive:jobdescriptor:dev" xmlns:xsi="http://www.w3.org/2001/XMLSchema-instance"
	xsi:schemaLocation="urn:proactive:jobdescriptor:dev ../../src/scheduler/src/org/ow2/proactive/scheduler/common/xml/schemas/jobdescriptor/dev/schedulerjob.xsd"
	name="Job_with_verif" priority="normal">
	<variables>
		<!-- pa.scheduler.home is known as java property - ie : start with -Dpa.scheduler.home=value -->
		<variable name="HOME" value="${pa.scheduler.home}/samples/scripts/misc"/>
		<variable name="EXCLUSION_STRING" value="paquit"/>
	</variables>
	<description>8 parallel tasks with variable durations.
			Each task has a selection script which select a HostName( i.e. a node) that not contains
			the string ${EXCLUSION_STRING} in its HostName.
	</description>
	<taskFlow>
		<task name="task1">
			<description>Parallel Tasks - Task 1</description>
			<selection>
				<script type="static">
					<file path="${HOME}/ok.rb">
					<arguments>
						<argument value="${EXCLUSION_STRING}"/>
					</arguments>
					</file>
				</script>
			</selection>
			<javaExecutable class="org.ow2.proactive.scheduler.examples.WaitAndPrint">
				<parameters>
					<parameter name="sleepTime" value="8"/>
					<parameter name="number" value="1"/>
				</parameters>
			</javaExecutable>
		</task>
		<task name="task2">
			<description>Parallel Tasks - Task 2</description>
			<selection>
				<script>
					<file path="${HOME}/ok.rb">
					<arguments>
						<argument value="${EXCLUSION_STRING}"/>
					</arguments>
					</file>
				</script>
			</selection>
			<javaExecutable class="org.ow2.proactive.scheduler.examples.WaitAndPrint">
				<parameters>
					<parameter name="sleepTime" value="6"/>
					<parameter name="number" value="2"/>
				</parameters>
			</javaExecutable>
		</task>
		<task name="task3">
			<description>Parallel Tasks - Task 3</description>
			<selection>
				<script>
					<file path="${HOME}/ok.rb">
					<arguments>
						<argument value="${EXCLUSION_STRING}"/>
					</arguments>
					</file>
				</script>
			</selection>
			<javaExecutable class="org.ow2.proactive.scheduler.examples.WaitAndPrint">
				<parameters>
					<parameter name="sleepTime" value="8"/>
					<parameter name="number" value="3"/>
				</parameters>
			</javaExecutable>
		</task>
		<task name="task4">
			<!-- Task human description -->
			<description>Parallel Tasks - Task 4</description>
			<selection>
				<script>
					<file path="${HOME}/ok.rb">
					<arguments>
						<argument value="${EXCLUSION_STRING}"/>
					</arguments>
					</file>
				</script>
			</selection>
			<javaExecutable class="org.ow2.proactive.scheduler.examples.WaitAndPrint">
				<parameters>
					<parameter name="sleepTime" value="5"/>
					<parameter name="number" value="4"/>
				</parameters>
			</javaExecutable>
		</task>
		<task name="task5">
			<!-- Task human description -->
			<description>Parallel Tasks - Task 5</description>
			<selection>
				<script>
					<file path="${HOME}/ok.rb">
					<arguments>
						<argument value="${EXCLUSION_STRING}"/>
					</arguments>
					</file>
				</script>
			</selection>
			<javaExecutable class="org.ow2.proactive.scheduler.examples.WaitAndPrint">
				<parameters>
					<parameter name="sleepTime" value="6"/>
					<parameter name="number" value="5"/>
				</parameters>
			</javaExecutable>
		</task>
		<task name="task6">
			<!-- Task human description -->
			<description>Parallel Tasks - Task 6</description>
			<selection>
				<script>
					<file path="${HOME}/ok.rb">
					<arguments>
						<argument value="${EXCLUSION_STRING}"/>
					</arguments>
					</file>
				</script>
			</selection>
			<javaExecutable class="org.ow2.proactive.scheduler.examples.WaitAndPrint">
				<parameters>
					<parameter name="sleepTime" value="5"/>
					<parameter name="number" value="6"/>
				</parameters>
			</javaExecutable>
		</task>
		<task name="task7">
			<!-- Task human description -->
			<description>Parallel Tasks - Task 7</description>
			<selection>
				<script>
					<file path="${HOME}/ok.rb">
					<arguments>
						<argument value="${EXCLUSION_STRING}"/>
					</arguments>
					</file>
				</script>
			</selection>
			<javaExecutable class="org.ow2.proactive.scheduler.examples.WaitAndPrint">
				<parameters>
					<parameter name="sleepTime" value="4"/>
					<parameter name="number" value="7"/>
				</parameters>
			</javaExecutable>
		</task>
		<task name="task8" preciousResult="true">
			<description>Parallel Tasks - Task 8</description>
			<selection>
				<script>
					<file path="${HOME}/ok.rb">
					<arguments>
						<argument value="${EXCLUSION_STRING}"/>
					</arguments>
					</file>
				</script>
			</selection>
			<javaExecutable class="org.ow2.proactive.scheduler.examples.WaitAndPrint">
				<parameters>
					<parameter name="sleepTime" value="30"/>
					<parameter name="number" value="8"/>
				</parameters>
			</javaExecutable>
		</task>
	</taskFlow>
</job>
